{
  "Workflows": [
    {
      "Path": null,
      "SortBy": 0,
      "VariablesSectionElementsOrder": [],
      "ArgumentsSectionElementsOrder": null,
      "ConstantsSectionElementsOrder": [],
      "AddedNamespaces": null
    },
    {
      "Path": "Main.xaml",
      "SortBy": 0,
      "VariablesSectionElementsOrder": [],
      "ArgumentsSectionElementsOrder": [],
      "ConstantsSectionElementsOrder": [],
      "AddedNamespaces": null
    },
    {
      "Path": "BillingReport_Sequence.xaml",
      "SortBy": 0,
      "VariablesSectionElementsOrder": [
        "intIndex&Sequence_1",
        "str일치여부&Sequence_3",
        "dblCurrentPayment&Sequence_3",
        "dtReport&Sequence_1",
        "dbl합계계산&Sequence_1",
        "bln숫자만&Sequence_3",
        "dtBilling&Sequence_1",
        "strTest&Sequence_1",
        "strFullText&Sequence_1"
      ],
      "ArgumentsSectionElementsOrder": [],
      "ConstantsSectionElementsOrder": [],
      "AddedNamespaces": null
    }
  ]
}